{"cameraMode":{"drawMode":0,"name":"Shaded","section":"Shading Mode"},"sceneLighting":true,"audioPlay":false,"sceneViewState":{"m_AlwaysRefresh":false,"showFog":true,"showSkybox":true,"showFlares":true,"showImageEffects":true,"showParticleSystems":true,"showVisualEffectGraphs":true,"m_FxEnabled":true},"in2DMode":false,"pivot":{"x":0.370254248380661,"y":0.8761265873908997,"z":-0.47293591499328616},"rotation":{"x":-0.19980868697166444,"y":0.03731808438897133,"z":-0.007616622839123011,"w":-0.9791009426116943},"size":1.0800068378448487,"orthographic":false}