{"cameraMode":{"drawMode":0,"name":"Shaded","section":"Shading Mode"},"sceneLighting":true,"audioPlay":false,"sceneViewState":{"m_AlwaysRefresh":false,"showFog":true,"showSkybox":true,"showFlares":true,"showImageEffects":true,"showParticleSystems":true,"showVisualEffectGraphs":true,"m_FxEnabled":true},"in2DMode":false,"pivot":{"x":2.2480087280273439,"y":2.7470319271087648,"z":2.670698642730713},"rotation":{"x":0.18831416964530946,"y":0.7988275289535523,"z":-0.31612056493759158,"w":0.47592300176620486},"size":1.98514986038208,"orthographic":false}