{"cameraMode":{"drawMode":0,"name":"Shaded","section":"Shading Mode"},"sceneLighting":true,"audioPlay":false,"sceneViewState":{"m_AlwaysRefresh":true,"showFog":true,"showSkybox":true,"showFlares":true,"showImageEffects":true,"showParticleSystems":true,"showVisualEffectGraphs":true,"m_FxEnabled":true},"in2DMode":false,"pivot":{"x":35.06269073486328,"y":57.47831726074219,"z":-10.568550109863282},"rotation":{"x":0.0028576026670634748,"y":0.9932278990745544,"z":0.025025134906172754,"w":-0.1134180948138237},"size":-9.583551406860352,"orthographic":false}